"time","n","M"
0,3.48204e-05,267.584
0,3.48204e-05,267.584
